Start,End,Sequence,Length,Color
84[41],22[35],ATTAGACGGGATAGCCACCCTCCTTCATCAGACCAGGAACCGCGAGGCG,49,#888888
5[9],0[16],GGAAGCAAACTCCAACATGTCAGAAGCAAAG,31,#333333
47[2],86[2],CCTGAGTAATGTTGGGATAGGTCA,24,#1700de
58[60],57[60],CAGAACCACCACTTGATATTCACA,24,#7300de
33[16],68[16],AAAGCATAACCGAAACGTCACTAT,24,#aaaa00
30[46],63[46],CGAAAGACAGCAAGCGTTTGCCAT,24,#b8056c
97[9],96[28],TGCGGGCCTCTTCGAAAAATAATATCTTATCAT,33,#f74308
129[14],80[2],CTTTCCACGTTCCTGTAGCCAGCTTT,26,#57bb00
130[53],129[41],CCTGATTATCAGATGATGGATATAAT,26,#cc0000
133[2],81[20],GTATTGGGCGCCAGCGACAACTCGTAATTTTGCGGAACGAATAAGAG,47,#cc0000
8[46],29[46],GAATTACGAGGCCAGAGGCTTTGA,24,#03b6a2
70[46],69[46],CGTCACCGACTTCCAGTAGCACCA,24,#f7931e
106[46],106[16],CGTTAAATAAGAATAAACACCGGATGCCAAG,31,#f7931e
47[35],52[35],AGGAGGTCCGGAATTACCAGGTTAGGATTGAAACACTGCCTA,42,#7300de
75[2],38[2],TTGTTAAAATTCGCATTAAAGTTAAGCAATAAAGCCTC,38,#aaaa00
80[41],16[35],TAAGAAAGGAAACCACGATCTTGAATTTACGAGTA,35,#b8056c
143[28],142[9],ATACGTGCCCTAAAACAAAATCCTGTTTGATGG,33,#f74308
142[60],87[53],TTAGTCTTTAATGCGCGAACCGAACGTCCAGAGATTATTTATCCC,45,#f74308
93[9],52[9],TGGTGCCGGAAACCAGGAAACTAAATTAATGCCGGAGA,38,#333333
4[60],21[60],ATAGCGTCCAATCAACTTTGAAAG,24,#007200
141[9],88[9],GTTTGCCCCAGCAGGCGATTAAACCGTGCATCTGCCAG,38,#1700de
102[60],101[60],TTAATTGAGAATAGTAATAAGAGA,24,#333333
76[53],125[53],AAAATACATACATTTACATCGGGA,24,#f7931e
62[46],107[46],CTTTTCATAATCTGATAAATAAGG,24,#f74308
75[35],37[46],GGAATAACGTTGAATTAATTGTATCG,26,#cc0000
138[53],137[53],AAAGCATCACCTCAACAGTTGAAA,24,#57bb00
74[53],123[53],ACAATCAATAGAGCGAATTATTCA,24,#f7931e
77[2],40[2],GCTCATTTTTTAACCAAAGTGCGGTTGTACCAAAAACA,38,#aaaa00
100[27],56[21],GTCCAGTATGGTTGAGGCAGGAATGGAAAGCGCAG,35,#aaaa00
12[46],11[46],TAATAAAACGAATTCATCAGTTGA,24,#007200
27[9],58[9],TCTACTAATAGTACGGTAATCGTA,24,#b8056c
35[28],16[28],GCTTGATGCTTTCGTGGGAAGTGGCTCATTTCAACGTAAATT,42,#888888
38[53],75[53],ATAATTTTTTCAGTTTATTTTGTC,24,#f74308
80[53],129[53],CGAAGCCCTTTTCCTGATTGTTTG,24,#f74308
137[2],85[20],GCCCTTCACCGCCTAATCAATATCTGTCTTTAGGAGCAGGGTATGAA,47,#f74308
48[60],89[60],GGGTTGATATAACTTACCAACGCT,24,#007200
91[9],50[9],GATCGCACTCCAGCCAGCGGTCACCATCAATATGATAT,38,#333333
104[46],104[16],TTTAGTATCATATGCGTTATACAAAAAACGA,31,#007200
34[46],33[46],GCCGACAATGACCGGTCGCTGAGG,24,#7300de
135[2],83[20],TCACCAGTGAGACGCTAACAACTAATTTACAAACAATTGGCTCCTGA,47,#f7931e
108[46],108[16],CTGACCTAAATTTAATGGTTTGAAGCCTGCA,31,#cc0000
41[2],16[2],TTATGACCCTGTAATACTCAGTCAACATGTTTTAAATA,38,#7300de
74[27],122[2],TACCAGCAAGTTACGATGAAACAGCTGTTTCCTGTGTGAA,40,#007200
50[60],91[60],AGACTCCTCAAGGCGGGAGGTTTT,24,#f7931e
86[53],85[53],AATCCAAATAAGAATAACATAAAA,24,#333333
21[9],4[9],AGATTTAGTTTGACCATAATTTCAAAGCGAACCAGACC,38,#7300de
96[60],149[60],ACCAATCAATAAGTAATATCCAGA,24,#888888
25[21],52[28],AAACTAAAACACTCTTGTATCTAACGGGTTTCGGA,35,#1700de
11[16],34[16],TGCATTACAGGTATCGCCCACGAA,24,#888888
22[60],51[60],CCATGTTACTTAATTAAGAGGCTG,24,#aaaa00
90[48],47[53],CAAGATTCCTGAATGTATAGCTTAGTACCGCCA,33,#57bb00
24[48],5[60],AGTACAATCGAAATAGAGGCTAGTAAAATGTTTAGACTGG,40,#aaaa00
59[21],27[34],CAACCGCCACCCTCGCATTGACAGGAGAAGAGTTTCCATTAA,42,#cc0000
43[2],82[2],TTATTTCAACGCGAGCGAGTAACA,24,#888888
18[53],17[53],TGACAAGAACCGCTTGCCCTGACG,24,#1700de
13[16],36[16],TGGTCAGGACGTAGGTGAATTGCA,24,#333333
84[53],83[53],ACAGGGAAGCGCGCGCTAATATCA,24,#7300de
85[2],136[2],GGCGGATTGACCCAACAGCTGATT,24,#aaaa00
0[46],9[46],TTTACCCTGACTTAACGCCAAAAG,24,#888888
54[60],95[60],GCTTTTGATGATACCGCACTCATC,24,#b8056c
63[16],30[16],AATCAGAAGCCCCCTTATTTCGGAACGAGGGAATAAAT,38,#b8056c
69[16],116[16],AAGAGAGCCAGCATAGCTTAGTTC,24,#f74308
125[2],76[2],AGCCGGAAGCATAAAGTATGAAAATTTTTGTTAAATCA,38,#cc0000
1[16],12[16],CGGATTGCATCAAACAACATTGGA,24,#aaaa00
146[34],146[9],GATTCACCAAGGGTTGAGTGTTGTTC,26,#57bb00
128[53],77[41],GATTATACTTCTGAATAATTTGCACGACCCAAAAGTATGT,40,#1700de
77[21],124[2],ACTCCTTTATAAAAGAATATACTTTGAATAATTCCACACAACATACG,47,#cc0000
65[16],32[16],CAAAAACGCCTTTAGCGTCTAAAGGCCGCTTGCAAGGC,38,#f74308
4[41],27[41],AATCGTCGGGTAATTTTGCAACCCTCGTGAAAGAGACGGGTA,42,#03b6a2
75[28],80[28],ACACCACGGCAACAATTACGCAGAACTGACCAGAAAGTAAGC,42,#7300de
132[53],131[53],ATTTTAAAAGTTTATCATCATATT,24,#f74308
123[2],74[2],ATTGTTATCCGCTCACACCGCTTGTAAACGTTAATATT,38,#aaaa00
3[2],18[2],AAATATCGCGTTTGTCTGGAAGTT,24,#aaaa00
117[16],71[34],GTATCGTCGCTATTAATTAACCTTGCATTAAAG,33,#7300de
95[9],54[9],TTCAGGCTGCGCAACTGCAGTAGATCTACAAAGGCTAT,38,#aaaa00
139[2],87[20],TGCAGCAAGCGGTCCAGTGCCACGCTTATCAAACCCTCGGTGGGCGC,47,#b8056c
99[9],55[27],GGCGAAAGGGGGATGACGACGACAATGTCCTGAACAAGCTTGAGTCT,47,#b8056c
122[53],121[46],TTTCAATTACCTGAGCAAAAATTAATTACAT,31,#888888
115[16],70[28],GAAATTAAGACGCTGAGAACATAGCGAAAATCAGAGCCAT,40,#7300de
66[46],111[46],ATCAGTAGCGACAATCGCAAGACA,24,#03b6a2
20[60],49[60],AGGACAGATGAAGTGCCGTCGAGA,24,#7300de
113[16],33[34],GAGCTACCTTTTTAACCTCTCATAGGCATCGATAGGCCGGATATATT,47,#03b6a2
15[35],1[46],TTTAATCGAGAATGAAAAATCAGGTC,26,#aaaa00
95[35],55[48],GTATTAATCTTTCCCCATCCTAATTTACTCAACAACCAGTAA,42,#03b6a2
98[60],97[60],CGCGCCTGTTTAGAGCATGTAGAA,24,#57bb00
9[16],5[34],TAAGAGGAATGCAGATACAATTATAGCCAGAGG,33,#b8056c
50[48],19[53],AGAAGGACGGATAACGGTGTACAAGAGTAATCT,33,#333333
89[28],140[9],AGCTACATGCCAGTCGCCATTGTATTAACACCGCCTGCAACACGCTG,47,#333333
40[41],13[46],CTTTCAAACTAAAGTAAGAACAAAAATCTACGT,33,#1700de
17[28],137[34],TTCAGTGCTGAGTTATTTTCAGGGAGAAGCCTTTATAAAATAGTCAGTT,49,#57bb00
89[35],94[35],ATTTTATAGTTGCTGAACCTCTTCTAAGCGCGCCCTTATTTT,42,#57bb00
140[60],139[53],AAGATAAAACAGAGGTGAGAATGAAAAATCT,31,#57bb00
68[46],67[46],TTACCATTAGCAAGCAGCACCGTA,24,#b8056c
79[2],42[2],ATAATTCGCGTCTGGCCAATTTTTTGCGGGAGAAGCCT,38,#1700de
24[60],53[60],AGCGCGAAACAATAACAGTGCCCG,24,#f74308
39[2],14[2],AGAGCATAAAGCTAAATAGAGCTTAGAGCTTAATTGCT,38,#cc0000
45[2],84[2],AGAACCCTCATAGTGGGAACAAAC,24,#7300de
78[53],127[53],TAATAACGGAATTAAAACAGAAAT,24,#007200
89[9],48[9],TTTGAGGGGACGACGACCCTCTCAAAAGGGTGAGAAAG,38,#7300de
4[34],48[28],ATAAATATCATAAGGGCGCATTGCTCAGAGGTGTA,35,#1700de
144[60],143[48],AACAGAGATAGAACCCTTCCAATATT,26,#888888
147[9],94[9],CAGTTTGGAACAAGAGTGCGGCAAAGCGCCATTCGCCA,38,#333333
28[46],61[46],GGACTAAAGACTACCGGAACCGCC,24,#b8056c
23[9],6[9],TGGTCAATAACCTGTTTCGTTGGTCAGGATTAGAGAGT,38,#333333
149[35],53[48],CCGTCTATCAGCTGTCGGCTGACCAAGTACAGGAGCCTTGAG,42,#888888
116[46],115[46],AATCCTTGAAAAGAGTCAATAGTG,24,#57bb00
57[42],27[60],ATTGGCCCAGAGCCAAATACGTAATGCCACTAC,33,#57bb00
34[34],18[28],AACAACCAGAAAGACTAACGGAAAAATCACCATAATTGAATCATTACCC,49,#1700de
59[9],102[9],AAACTAGCATGTCAGGGTTTTCCC,24,#cc0000
19[2],46[2],TCATTCCATATATTAAATGCAATG,24,#cc0000
137[35],88[35],GGCAAATTGCTGAACAGCCATCCTAATT,28,#1700de
112[46],112[16],GGTTATATAACTATATGTAAATGCGGGTACC,31,#aaaa00
129[2],130[2],GCTCACTGCCCGCATTAATGAATC,24,#888888
51[9],22[9],TCAACCGTTCTAGCTGACTTCTAGATACATTTCGCAAA,38,#cc0000
6[60],23[60],ACCAAAATAGCGCCGCGACCTGCT,24,#007200
87[21],46[21],ATCGTCATTAACGTCAAAAAAGTAGGTAAAGATACGCCACCC,42,#b8056c
23[28],90[28],CCTGATACAGACGGATTATTCTAGCGGGTTTTAGCATTTTGC,42,#7300de
60[46],105[46],TCCCTCAGAGCCAGAAAAAGCCTG,24,#1700de
49[9],20[9],GCCGGAGACAGTCAAATTTAGCAATTCTGCGAACGAGT,38,#007200
19[28],87[34],TGGCTGACAGAACCCGTACTCTTTTTGTAAATAAA,35,#888888
127[2],78[2],TAATGAGTGAGCTAACTACTATAGGAACGCCATCAAAA,38,#57bb00
111[16],66[16],GATCCCCTGATGCAAATCCAGAATCAAGTTTAGGAAGA,38,#007200
124[34],128[28],CTGATTGCAGTAACTCAGGTTAAATTATGGAAGGG,35,#7300de
36[46],35[46],GTTTATCAGCTTACCGATAGTTGC,24,#03b6a2
146[60],91[48],TCTGAAATGGATTATTTACTAAAAGGTCCGGTACCGACTT,40,#007200
2[27],75[27],GATTAAGGGTTTAATTATACCAATAGAAAAAAAAACGCAAAG,42,#b8056c
67[16],114[16],TTGCAATGAAACTCTGAGAGACTC,24,#f7931e
87[2],138[2],CGTTGGTGTAGACCCTGAGAGAGT,24,#aaaa00
26[34],6[28],GCAAAAGAATACAATCACACTATCATAAAAGAAGT,35,#333333
56[48],7[60],CTCATTAACCCCCACTAAAACTTACCAGACGACGATAAAA,40,#cc0000
143[9],90[9],TGGTTCCGAAATCGGCAGAACAGTATCGGCCTCAGGAA,38,#f7931e
55[9],98[9],CAGGTCATTGCCATTACGCCAGCT,24,#f74308
120[46],119[46],TTAACAATTTCATAAATCAATATA,24,#333333
52[60],93[60],TATAAACAGTTAAGCAAATCAGAT,24,#1700de
53[35],100[42],GTCAGTGTGTACTGTACCGTTTAGATAAAAACAACATGTTCAGACAAAA,49,#aaaa00
101[42],59[60],TCGAGCCCGCCATACCACCCTCAGAGCCGCCAC,33,#333333
14[53],39[53],CTTATGCGATTTGAATTGCGAATA,24,#f7931e
82[41],3[41],ACAAGAACATTCCACGTAACAAATAAGGGATATTCCCCCTCA,42,#f74308
55[28],147[34],CTGAATTGTAATAAAGAACGGCATCGTATCATGGA,35,#aaaa00
35[16],70[16],TTATCTTAAACATTGGGAATTCAA,24,#f74308
10[46],31[46],GATTTAGGAATACACCCTCAGCAG,24,#007200
107[16],62[16],CTTGCATATACCGACCGTGAAAATCACCGGAGGTTGAT,38,#007200
129[28],81[41],AACATCACAATTCCAGAAGGAGCGGAATTGAGTAAATAGCAA,42,#aaaa00
31[16],10[16],CATACAGTTGCGGGATCGTCCACATTCAACTTCATTTT,38,#57bb00
131[2],130[14],GGCCAACGCGCGGGAAAGAAACCACCTGTCGTGCCAGCTG,40,#7300de
118[46],117[46],TGTGAGTGAATAATTTTCCCTTAG,24,#aaaa00
42[53],79[53],ATAGTTAGCGTAGAGGAAACGCAA,24,#007200
46[53],45[53],CCCTCAGAACCGCAAGCCCAATAG,24,#f7931e
29[16],8[16],AACATCCTAGCAACGGCTAATAGTAAGAGCACTTTTGA,38,#1700de
149[28],148[9],CGAAAAAAGGAAAAACCCACTATTAAAGAACGT,33,#b8056c
119[16],74[28],ATGTAATGGAAACAGTACATTTGAATAAGGGCGTATGGTT,40,#aaaa00
121[16],123[34],ATAAACATCAAGAAAACAAAGAAGATAAAATCG,33,#007200
57[9],100[9],ACAAGAGAATCGGCTGCAAGGCGA,24,#007200
81[28],83[41],CAATGAACATTATCTTAAATCCTTTGCCAGAAGTATAATTGA,42,#f7931e
83[21],79[27],ACAAAGTAAGCCCAATAATGTAACAAACTACAACGTGTCGTCCAAAGTT,49,#b8056c
134[34],86[35],TTAGACTAGATTAGAGCCGTCGGTTATCCAGAGAGAAACGAT,42,#7300de
83[2],134[2],ACCCGTCGGATTTGGTTTTTCTTT,24,#aaaa00
52[48],3[53],ATGCCCCTGAAAGTGCCGGAAAACTGACACTGCGGAATGCTTTAAAC,47,#cc0000
134[53],133[53],ATTTGAGGATTTCGAACGTTATTA,24,#aaaa00
81[2],132[2],CATCAACATTAAGAGGCGGTTTGC,24,#007200
143[35],148[35],GCACAGATGACCTGCCAGTAAATTGGCAAATACCTTTGCAAC,42,#57bb00
110[46],110[16],AAGAACGCGAGAAAACTTTTTCAATCTAGAG,31,#888888
126[53],76[35],AAAGAAATTGCGTAGATTTAGTACCTTAAAGGT,33,#57bb00
81[21],128[2],CAAGAAAAGATAGCGTCGGGATTAGAACCTCACATTAATTGCGTTGC,47,#333333
149[9],96[9],GGACTCCAACGTCAAAGGGTCTTGGGAAGGGCGATCGG,38,#f74308
40[53],77[53],TTTGCTAAACAATAGCAAACGTAG,24,#7300de
16[53],41[53],AGAAACACCAGATCTGTATGGGAT,24,#cc0000
7[9],26[9],ACCTTTAATTGCGGTGGCATCAAT,24,#7300de
124[53],73[46],GAAACAATAACGGATTCGCCGCAGAGAAATTCAACATTCAACCGA,45,#333333
72[34],41[34],AGGTAAAGGAGCCTAATCTCCAGGAACACAGTTTCTAGTAAA,42,#1700de
61[16],28[16],GTACCCCACCAGAGCCACCTTTTCATGAGGATAGCATT,38,#b8056c
71[16],118[16],ATAAAATTATTCTTCTGTAAAATC,24,#333333
88[60],141[60],AACGAGCGTCTTAACCACCAGCAG,24,#aaaa00
148[60],93[48],ACAATATTACCGCCAGCCAACATTTTGCCGTTTAATAGCA,40,#57bb00
72[46],71[46],TTGAGGGAGGGAGTGAATTATCAC,24,#333333
53[9],24[9],GGGTAGCTATTTTTGAGTTATAGCTATATTTTCATTTG,38,#f74308
136[53],135[53],GGAATTGAGGAAAATAGATAATAC,24,#57bb00
56[60],55[60],AACAAATAAATCGCGTCATACATG,24,#cc0000
109[16],64[16],GGTCGACATATATTTTAGTATTTTCGGTCATAAAGCCC,38,#aaaa00
23[35],101[41],AATTGTGCGGAGATATCTTTGAAGCCAGTCAGACGGGTAAAGGGCATTT,49,#1700de
100[60],99[60],ATATAAAGTACCGCTAATGCAGAA,24,#57bb00
42[34],83[34],AAAGTTTCCTGTAGTTGAGTTCAGAGGG,28,#7300de
90[60],143[60],GAAGCCTTAAATTTTGAATGGCTA,24,#f7931e
103[9],102[21],AGTCACGACGTTGTATTCTTACCAGTACGCCAACATGTGC,40,#cc0000
64[46],109[46],GTTTTCATCGGCTAATTTCATCTT,24,#b8056c
93[28],144[9],TCATTACAACGCGACACACGAAAAGCGTAAAAATCCCTTATAAATCA,47,#f74308
78[27],126[2],GCATGATCATATCATAACGTCAGGTAAAGCCTGGGGTGCC,40,#1700de
92[60],145[60],ATAGAAGGCTTAGACATTCTGGCC,24,#f74308
73[16],120[16],AAACAAAGACAATACCTTTTTGTC,24,#7300de
138[34],142[35],CCTCAAAGAGAGCCAGCAGCAGCGGTCAAAAAATACTGATAG,42,#f74308
26[60],25[60],GAAGGCACCAACGCGATTATACCA,24,#aaaa00
2[53],15[53],AGTTCAGAAAACATTGTGAATTAC,24,#007200
105[16],60[16],CGGCCAGATCATAATTACTGCCACCCTCAGAATCATAT,38,#333333
44[53],43[53],GAACCCATGTACCAGACAGCCCTC,24,#aaaa00
114[46],113[46],AATTTATCAAAACGGCTTAGGTTG,24,#cc0000
58[41],103[60],GCCGCCAAGAGCCATTTAACAATAAAGCCAACGCTCAACAGTAGGGC,47,#f7931e
82[53],81[53],GAGAGATAACCCTAGCTATCTTAC,24,#cc0000
46[20],3[27],TCAGATTACAGTTGATTCCGCAAATCAACGTAAGGTTAATTCGAGCTCA,49,#03b6a2
32[46],65[46],CTTGCAGGGAGTAGACTGTAGCGC,24,#7300de
37[16],72[16],AAAGCTCCAAAATATTGACGGTTT,24,#333333
17[2],44[2],TGCAACTAAAGTATAAAAATTTTT,24,#f7931e
94[60],147[60],GAGAACAAGCAAGACGCTCAATCG,24,#f74308
15[2],2[2],GAATATAATGCTGTAGCATAGGAAGCCCGAAAGACTTC,38,#cc0000
25[9],56[9],GGGCGCGAGCTGAGTCTGGAGCAA,24,#cc0000
101[9],100[28],TTAAGTTGGGTAACAATTTAGGCAGATAATTCT,33,#007200
85[21],44[14],AATAGCATTAACTGAACACCCTAGCCACCACCCTCTCGTCACCAGTAGG,49,#1700de
17[14],40[21],ACCAAAGCTGCTCAGGGCTTGCAGACGTAGCGGAG,35,#7300de
145[9],92[9],AAAGAATAGCCCGAGATGTGGCTTTCCGGCACCGCTTC,38,#888888
